{"cameraMode":{"drawMode":0,"name":"Shaded","section":"Shading Mode"},"sceneLighting":false,"audioPlay":false,"sceneViewState":{"showFog":true,"showMaterialUpdate":false,"showSkybox":false,"showFlares":true,"showImageEffects":true,"showParticleSystems":true},"in2DMode":false,"pivot":{"x":-0.3630000054836273,"y":-0.28299999237060549,"z":-2.190000057220459},"rotation":{"x":-0.04349315166473389,"y":-0.00809461623430252,"z":0.0003391467034816742,"w":-0.999054491519928},"size":0.15107862651348115,"orthographic":false}